"size","freq"
-1.10847945132128,0.501797842346353
-0.106562529095626,0.375312538079821
0.895354393130024,0.110587402615247
1.89727131535567,0.01173215781801
2.89918823758132,0.000570059140569045
