"size","freq"
-1.10847945132128,0.514889861987804
-0.106562529095626,0.370058737223952
0.895354393130024,0.103980089498272
1.89727131535567,0.0105749370507481
2.89918823758132,0.000496374239224382
