"size","freq"
-1.10847945132128,0.512221481321483
-0.106562529095626,0.370795534875666
0.895354393130024,0.105552760684153
1.89727131535567,0.0109099596997813
2.89918823758132,0.000520263418917563
