"size","freq"
-1.10847945132128,0.515623171823002
-0.106562529095626,0.368807960948485
0.895354393130024,0.104313006366457
1.89727131535567,0.0107466135708159
2.89918823758132,0.000509247291239898
